[{"HoleId":1,"SetId":1,"Strokes":4,"StrokeOffset":1},{"HoleId":2,"SetId":1,"Strokes":6,"StrokeOffset":3},{"HoleId":3,"SetId":1,"Strokes":5,"StrokeOffset":2},{"HoleId":4,"SetId":1,"Strokes":4,"StrokeOffset":1},{"HoleId":5,"SetId":1,"Strokes":5,"StrokeOffset":2},{"HoleId":6,"SetId":1,"Strokes":5,"StrokeOffset":2},{"HoleId":7,"SetId":1,"Strokes":6,"StrokeOffset":2},{"HoleId":8,"SetId":1,"Strokes":6,"StrokeOffset":2},{"HoleId":9,"SetId":1,"Strokes":7,"StrokeOffset":4},{"HoleId":10,"SetId":1,"Strokes":6,"StrokeOffset":2},{"HoleId":11,"SetId":1,"Strokes":5,"StrokeOffset":2},{"HoleId":12,"SetId":1,"Strokes":4,"StrokeOffset":1},{"HoleId":13,"SetId":1,"Strokes":4,"StrokeOffset":1},{"HoleId":14,"SetId":1,"Strokes":6,"StrokeOffset":2},{"HoleId":15,"SetId":1,"Strokes":7,"StrokeOffset":4},{"HoleId":16,"SetId":1,"Strokes":5,"StrokeOffset":1},{"HoleId":17,"SetId":1,"Strokes":3,"StrokeOffset":0},{"HoleId":18,"SetId":1,"Strokes":4,"StrokeOffset":1},{"HoleId":19,"SetId":2,"Strokes":4,"StrokeOffset":1},{"HoleId":19,"SetId":3,"Strokes":8,"StrokeOffset":5},{"HoleId":20,"SetId":2,"Strokes":7,"StrokeOffset":4},{"HoleId":20,"SetId":3,"Strokes":6,"StrokeOffset":3},{"HoleId":21,"SetId":2,"Strokes":4,"StrokeOffset":1},{"HoleId":21,"SetId":3,"Strokes":6,"StrokeOffset":3},{"HoleId":22,"SetId":2,"Strokes":6,"StrokeOffset":3},{"HoleId":22,"SetId":3,"Strokes":7,"StrokeOffset":4},{"HoleId":23,"SetId":2,"Strokes":5,"StrokeOffset":2},{"HoleId":23,"SetId":3,"Strokes":4,"StrokeOffset":1},{"HoleId":24,"SetId":2,"Strokes":4,"StrokeOffset":1},{"HoleId":24,"SetId":3,"Strokes":6,"StrokeOffset":3},{"HoleId":25,"SetId":2,"Strokes":4,"StrokeOffset":1},{"HoleId":25,"SetId":3,"Strokes":5,"StrokeOffset":2},{"HoleId":26,"SetId":2,"Strokes":6,"StrokeOffset":2},{"HoleId":26,"SetId":3,"Strokes":8,"StrokeOffset":4},{"HoleId":27,"SetId":2,"Strokes":4,"StrokeOffset":1},{"HoleId":27,"SetId":3,"Strokes":6,"StrokeOffset":3},{"HoleId":1,"SetId":4,"Strokes":4,"StrokeOffset":1},{"HoleId":1,"SetId":5,"Strokes":7,"StrokeOffset":4},{"HoleId":2,"SetId":4,"Strokes":6,"StrokeOffset":3},{"HoleId":2,"SetId":5,"Strokes":5,"StrokeOffset":2},{"HoleId":3,"SetId":4,"Strokes":4,"StrokeOffset":1},{"HoleId":3,"SetId":5,"Strokes":6,"StrokeOffset":3},{"HoleId":4,"SetId":4,"Strokes":3,"StrokeOffset":0},{"HoleId":4,"SetId":5,"Strokes":4,"StrokeOffset":1},{"HoleId":5,"SetId":4,"Strokes":4,"StrokeOffset":1},{"HoleId":5,"SetId":5,"Strokes":6,"StrokeOffset":3},{"HoleId":6,"SetId":4,"Strokes":3,"StrokeOffset":0},{"HoleId":6,"SetId":5,"Strokes":5,"StrokeOffset":2},{"HoleId":7,"SetId":4,"Strokes":7,"StrokeOffset":3},{"HoleId":7,"SetId":5,"Strokes":7,"StrokeOffset":3},{"HoleId":8,"SetId":4,"Strokes":7,"StrokeOffset":3},{"HoleId":8,"SetId":5,"Strokes":7,"StrokeOffset":3},{"HoleId":9,"SetId":4,"Strokes":6,"StrokeOffset":3},{"HoleId":9,"SetId":5,"Strokes":6,"StrokeOffset":3},{"HoleId":10,"SetId":4,"Strokes":8,"StrokeOffset":4},{"HoleId":10,"SetId":5,"Strokes":8,"StrokeOffset":4},{"HoleId":11,"SetId":4,"Strokes":4,"StrokeOffset":1},{"HoleId":11,"SetId":5,"Strokes":5,"StrokeOffset":2},{"HoleId":12,"SetId":4,"Strokes":4,"StrokeOffset":1},{"HoleId":12,"SetId":5,"Strokes":5,"StrokeOffset":2},{"HoleId":13,"SetId":4,"Strokes":4,"StrokeOffset":1},{"HoleId":13,"SetId":5,"Strokes":6,"StrokeOffset":3},{"HoleId":14,"SetId":4,"Strokes":7,"StrokeOffset":3},{"HoleId":14,"SetId":5,"Strokes":7,"StrokeOffset":3},{"HoleId":15,"SetId":4,"Strokes":4,"StrokeOffset":1},{"HoleId":15,"SetId":5,"Strokes":6,"StrokeOffset":3},{"HoleId":16,"SetId":4,"Strokes":6,"StrokeOffset":2},{"HoleId":16,"SetId":5,"Strokes":8,"StrokeOffset":4},{"HoleId":17,"SetId":4,"Strokes":4,"StrokeOffset":1},{"HoleId":17,"SetId":5,"Strokes":5,"StrokeOffset":2},{"HoleId":18,"SetId":4,"Strokes":4,"StrokeOffset":1},{"HoleId":18,"SetId":5,"Strokes":4,"StrokeOffset":1},{"HoleId":19,"SetId":6,"Strokes":4,"StrokeOffset":1},{"HoleId":19,"SetId":7,"Strokes":4,"StrokeOffset":1},{"HoleId":20,"SetId":6,"Strokes":3,"StrokeOffset":0},{"HoleId":20,"SetId":7,"Strokes":4,"StrokeOffset":1},{"HoleId":21,"SetId":6,"Strokes":5,"StrokeOffset":2},{"HoleId":21,"SetId":7,"Strokes":6,"StrokeOffset":3},{"HoleId":22,"SetId":6,"Strokes":6,"StrokeOffset":3},{"HoleId":22,"SetId":7,"Strokes":5,"StrokeOffset":2},{"HoleId":23,"SetId":6,"Strokes":5,"StrokeOffset":2},{"HoleId":23,"SetId":7,"Strokes":5,"StrokeOffset":2},{"HoleId":24,"SetId":6,"Strokes":4,"StrokeOffset":1},{"HoleId":24,"SetId":7,"Strokes":4,"StrokeOffset":1},{"HoleId":25,"SetId":6,"Strokes":4,"StrokeOffset":1},{"HoleId":25,"SetId":7,"Strokes":4,"StrokeOffset":1},{"HoleId":26,"SetId":6,"Strokes":6,"StrokeOffset":2},{"HoleId":26,"SetId":7,"Strokes":5,"StrokeOffset":1},{"HoleId":27,"SetId":6,"Strokes":3,"StrokeOffset":0},{"HoleId":27,"SetId":7,"Strokes":3,"StrokeOffset":0},{"HoleId":19,"SetId":8,"Strokes":4,"StrokeOffset":1},{"HoleId":20,"SetId":8,"Strokes":2,"StrokeOffset":-1},{"HoleId":21,"SetId":8,"Strokes":4,"StrokeOffset":1},{"HoleId":22,"SetId":8,"Strokes":4,"StrokeOffset":1},{"HoleId":23,"SetId":8,"Strokes":5,"StrokeOffset":2},{"HoleId":24,"SetId":8,"Strokes":5,"StrokeOffset":2},{"HoleId":25,"SetId":8,"Strokes":4,"StrokeOffset":1},{"HoleId":26,"SetId":8,"Strokes":6,"StrokeOffset":2},{"HoleId":27,"SetId":8,"Strokes":3,"StrokeOffset":0},{"HoleId":28,"SetId":9,"Strokes":5,"StrokeOffset":2},{"HoleId":28,"SetId":10,"Strokes":4,"StrokeOffset":1},{"HoleId":28,"SetId":11,"Strokes":4,"StrokeOffset":1},{"HoleId":29,"SetId":9,"Strokes":6,"StrokeOffset":3},{"HoleId":29,"SetId":10,"Strokes":4,"StrokeOffset":1},{"HoleId":29,"SetId":11,"Strokes":6,"StrokeOffset":3},{"HoleId":30,"SetId":9,"Strokes":4,"StrokeOffset":1},{"HoleId":30,"SetId":10,"Strokes":4,"StrokeOffset":1},{"HoleId":30,"SetId":11,"Strokes":6,"StrokeOffset":3},{"HoleId":31,"SetId":9,"Strokes":4,"StrokeOffset":1},{"HoleId":31,"SetId":10,"Strokes":4,"StrokeOffset":1},{"HoleId":31,"SetId":11,"Strokes":6,"StrokeOffset":3},{"HoleId":32,"SetId":9,"Strokes":5,"StrokeOffset":1},{"HoleId":32,"SetId":10,"Strokes":6,"StrokeOffset":2},{"HoleId":32,"SetId":11,"Strokes":6,"StrokeOffset":2},{"HoleId":33,"SetId":9,"Strokes":4,"StrokeOffset":1},{"HoleId":33,"SetId":10,"Strokes":5,"StrokeOffset":2},{"HoleId":33,"SetId":11,"Strokes":6,"StrokeOffset":3},{"HoleId":34,"SetId":9,"Strokes":4,"StrokeOffset":1},{"HoleId":34,"SetId":10,"Strokes":3,"StrokeOffset":0},{"HoleId":34,"SetId":11,"Strokes":4,"StrokeOffset":1},{"HoleId":35,"SetId":9,"Strokes":4,"StrokeOffset":1},{"HoleId":35,"SetId":10,"Strokes":6,"StrokeOffset":3},{"HoleId":35,"SetId":11,"Strokes":5,"StrokeOffset":2},{"HoleId":36,"SetId":9,"Strokes":4,"StrokeOffset":1},{"HoleId":36,"SetId":10,"Strokes":4,"StrokeOffset":1},{"HoleId":36,"SetId":11,"Strokes":4,"StrokeOffset":1},{"HoleId":37,"SetId":9,"Strokes":7,"StrokeOffset":2},{"HoleId":37,"SetId":10,"Strokes":7,"StrokeOffset":2},{"HoleId":37,"SetId":11,"Strokes":8,"StrokeOffset":3},{"HoleId":38,"SetId":9,"Strokes":5,"StrokeOffset":2},{"HoleId":38,"SetId":10,"Strokes":3,"StrokeOffset":0},{"HoleId":38,"SetId":11,"Strokes":5,"StrokeOffset":2},{"HoleId":39,"SetId":9,"Strokes":6,"StrokeOffset":3},{"HoleId":39,"SetId":10,"Strokes":4,"StrokeOffset":1},{"HoleId":39,"SetId":11,"Strokes":5,"StrokeOffset":2},{"HoleId":40,"SetId":9,"Strokes":5,"StrokeOffset":2},{"HoleId":40,"SetId":10,"Strokes":5,"StrokeOffset":2},{"HoleId":40,"SetId":11,"Strokes":6,"StrokeOffset":3},{"HoleId":41,"SetId":9,"Strokes":5,"StrokeOffset":2},{"HoleId":41,"SetId":10,"Strokes":4,"StrokeOffset":1},{"HoleId":41,"SetId":11,"Strokes":5,"StrokeOffset":2},{"HoleId":42,"SetId":9,"Strokes":5,"StrokeOffset":2},{"HoleId":42,"SetId":10,"Strokes":4,"StrokeOffset":1},{"HoleId":42,"SetId":11,"Strokes":4,"StrokeOffset":1},{"HoleId":43,"SetId":9,"Strokes":5,"StrokeOffset":2},{"HoleId":43,"SetId":10,"Strokes":4,"StrokeOffset":1},{"HoleId":43,"SetId":11,"Strokes":6,"StrokeOffset":3},{"HoleId":44,"SetId":9,"Strokes":5,"StrokeOffset":2},{"HoleId":44,"SetId":10,"Strokes":5,"StrokeOffset":2},{"HoleId":44,"SetId":11,"Strokes":6,"StrokeOffset":3},{"HoleId":45,"SetId":9,"Strokes":3,"StrokeOffset":0},{"HoleId":45,"SetId":10,"Strokes":4,"StrokeOffset":1},{"HoleId":45,"SetId":11,"Strokes":5,"StrokeOffset":2},{"HoleId":19,"SetId":12,"Strokes":5,"StrokeOffset":2},{"HoleId":19,"SetId":14,"Strokes":3,"StrokeOffset":0},{"HoleId":19,"SetId":13,"Strokes":6,"StrokeOffset":3},{"HoleId":20,"SetId":12,"Strokes":6,"StrokeOffset":3},{"HoleId":20,"SetId":14,"Strokes":4,"StrokeOffset":1},{"HoleId":20,"SetId":13,"Strokes":4,"StrokeOffset":1},{"HoleId":21,"SetId":12,"Strokes":4,"StrokeOffset":1},{"HoleId":21,"SetId":14,"Strokes":4,"StrokeOffset":1},{"HoleId":21,"SetId":13,"Strokes":5,"StrokeOffset":2},{"HoleId":22,"SetId":12,"Strokes":5,"StrokeOffset":2},{"HoleId":22,"SetId":14,"Strokes":4,"StrokeOffset":1},{"HoleId":22,"SetId":13,"Strokes":7,"StrokeOffset":4},{"HoleId":23,"SetId":12,"Strokes":3,"StrokeOffset":0},{"HoleId":23,"SetId":14,"Strokes":4,"StrokeOffset":1},{"HoleId":23,"SetId":13,"Strokes":5,"StrokeOffset":2},{"HoleId":24,"SetId":12,"Strokes":3,"StrokeOffset":0},{"HoleId":24,"SetId":14,"Strokes":4,"StrokeOffset":1},{"HoleId":24,"SetId":13,"Strokes":5,"StrokeOffset":2},{"HoleId":25,"SetId":12,"Strokes":4,"StrokeOffset":1},{"HoleId":25,"SetId":14,"Strokes":3,"StrokeOffset":0},{"HoleId":25,"SetId":13,"Strokes":4,"StrokeOffset":1},{"HoleId":26,"SetId":12,"Strokes":6,"StrokeOffset":2},{"HoleId":26,"SetId":14,"Strokes":6,"StrokeOffset":2},{"HoleId":26,"SetId":13,"Strokes":6,"StrokeOffset":2},{"HoleId":27,"SetId":12,"Strokes":5,"StrokeOffset":2},{"HoleId":27,"SetId":14,"Strokes":4,"StrokeOffset":1},{"HoleId":27,"SetId":13,"Strokes":5,"StrokeOffset":2},{"HoleId":19,"SetId":15,"Strokes":6,"StrokeOffset":3},{"HoleId":19,"SetId":17,"Strokes":3,"StrokeOffset":0},{"HoleId":19,"SetId":16,"Strokes":5,"StrokeOffset":2},{"HoleId":20,"SetId":15,"Strokes":5,"StrokeOffset":2},{"HoleId":20,"SetId":17,"Strokes":3,"StrokeOffset":0},{"HoleId":20,"SetId":16,"Strokes":6,"StrokeOffset":3},{"HoleId":21,"SetId":15,"Strokes":4,"StrokeOffset":1},{"HoleId":21,"SetId":17,"Strokes":8,"StrokeOffset":5},{"HoleId":21,"SetId":16,"Strokes":5,"StrokeOffset":2},{"HoleId":22,"SetId":15,"Strokes":6,"StrokeOffset":3},{"HoleId":22,"SetId":17,"Strokes":6,"StrokeOffset":3},{"HoleId":22,"SetId":16,"Strokes":6,"StrokeOffset":3},{"HoleId":1,"SetId":18,"Strokes":4,"StrokeOffset":1},{"HoleId":1,"SetId":19,"Strokes":6,"StrokeOffset":3},{"HoleId":2,"SetId":18,"Strokes":4,"StrokeOffset":1},{"HoleId":2,"SetId":19,"Strokes":4,"StrokeOffset":1},{"HoleId":3,"SetId":18,"Strokes":5,"StrokeOffset":2},{"HoleId":3,"SetId":19,"Strokes":5,"StrokeOffset":2},{"HoleId":4,"SetId":18,"Strokes":5,"StrokeOffset":2},{"HoleId":4,"SetId":19,"Strokes":5,"StrokeOffset":2},{"HoleId":5,"SetId":18,"Strokes":3,"StrokeOffset":0},{"HoleId":5,"SetId":19,"Strokes":5,"StrokeOffset":2},{"HoleId":6,"SetId":18,"Strokes":3,"StrokeOffset":0},{"HoleId":6,"SetId":19,"Strokes":8,"StrokeOffset":5},{"HoleId":7,"SetId":18,"Strokes":5,"StrokeOffset":1},{"HoleId":7,"SetId":19,"Strokes":7,"StrokeOffset":3},{"HoleId":8,"SetId":18,"Strokes":7,"StrokeOffset":3},{"HoleId":8,"SetId":19,"Strokes":6,"StrokeOffset":2},{"HoleId":9,"SetId":18,"Strokes":5,"StrokeOffset":2},{"HoleId":9,"SetId":19,"Strokes":6,"StrokeOffset":3},{"HoleId":10,"SetId":18,"Strokes":6,"StrokeOffset":2},{"HoleId":10,"SetId":19,"Strokes":6,"StrokeOffset":2},{"HoleId":11,"SetId":18,"Strokes":4,"StrokeOffset":1},{"HoleId":11,"SetId":19,"Strokes":5,"StrokeOffset":2},{"HoleId":12,"SetId":18,"Strokes":4,"StrokeOffset":1},{"HoleId":12,"SetId":19,"Strokes":5,"StrokeOffset":2},{"HoleId":13,"SetId":18,"Strokes":5,"StrokeOffset":2},{"HoleId":13,"SetId":19,"Strokes":5,"StrokeOffset":2},{"HoleId":14,"SetId":18,"Strokes":6,"StrokeOffset":2},{"HoleId":14,"SetId":19,"Strokes":6,"StrokeOffset":2},{"HoleId":15,"SetId":18,"Strokes":4,"StrokeOffset":1},{"HoleId":15,"SetId":19,"Strokes":4,"StrokeOffset":1},{"HoleId":16,"SetId":18,"Strokes":5,"StrokeOffset":1},{"HoleId":16,"SetId":19,"Strokes":7,"StrokeOffset":3},{"HoleId":17,"SetId":18,"Strokes":4,"StrokeOffset":1},{"HoleId":17,"SetId":19,"Strokes":7,"StrokeOffset":4},{"HoleId":18,"SetId":18,"Strokes":4,"StrokeOffset":1},{"HoleId":18,"SetId":19,"Strokes":4,"StrokeOffset":1},{"HoleId":1,"SetId":20,"Strokes":5,"StrokeOffset":2},{"HoleId":4,"SetId":20,"Strokes":6,"StrokeOffset":3},{"HoleId":5,"SetId":20,"Strokes":3,"StrokeOffset":0},{"HoleId":6,"SetId":20,"Strokes":4,"StrokeOffset":1},{"HoleId":7,"SetId":20,"Strokes":5,"StrokeOffset":1},{"HoleId":8,"SetId":20,"Strokes":5,"StrokeOffset":1},{"HoleId":9,"SetId":20,"Strokes":5,"StrokeOffset":2},{"HoleId":10,"SetId":20,"Strokes":7,"StrokeOffset":3},{"HoleId":11,"SetId":20,"Strokes":4,"StrokeOffset":1},{"HoleId":12,"SetId":20,"Strokes":4,"StrokeOffset":1},{"HoleId":13,"SetId":20,"Strokes":4,"StrokeOffset":1},{"HoleId":14,"SetId":20,"Strokes":6,"StrokeOffset":2},{"HoleId":15,"SetId":20,"Strokes":4,"StrokeOffset":1},{"HoleId":16,"SetId":20,"Strokes":5,"StrokeOffset":1},{"HoleId":17,"SetId":20,"Strokes":4,"StrokeOffset":1},{"HoleId":18,"SetId":20,"Strokes":4,"StrokeOffset":1},{"HoleId":2,"SetId":20,"Strokes":4,"StrokeOffset":1},{"HoleId":3,"SetId":20,"Strokes":4,"StrokeOffset":1},{"HoleId":1,"SetId":21,"Strokes":5,"StrokeOffset":2},{"HoleId":1,"SetId":22,"Strokes":4,"StrokeOffset":1},{"HoleId":2,"SetId":21,"Strokes":4,"StrokeOffset":1},{"HoleId":2,"SetId":22,"Strokes":5,"StrokeOffset":2},{"HoleId":3,"SetId":21,"Strokes":4,"StrokeOffset":1},{"HoleId":3,"SetId":22,"Strokes":5,"StrokeOffset":2},{"HoleId":4,"SetId":21,"Strokes":4,"StrokeOffset":1},{"HoleId":4,"SetId":22,"Strokes":4,"StrokeOffset":1},{"HoleId":5,"SetId":21,"Strokes":3,"StrokeOffset":0},{"HoleId":5,"SetId":22,"Strokes":3,"StrokeOffset":0},{"HoleId":6,"SetId":21,"Strokes":5,"StrokeOffset":2},{"HoleId":6,"SetId":22,"Strokes":5,"StrokeOffset":2},{"HoleId":7,"SetId":21,"Strokes":5,"StrokeOffset":1},{"HoleId":7,"SetId":22,"Strokes":6,"StrokeOffset":2},{"HoleId":8,"SetId":21,"Strokes":5,"StrokeOffset":1},{"HoleId":8,"SetId":22,"Strokes":6,"StrokeOffset":2},{"HoleId":9,"SetId":21,"Strokes":4,"StrokeOffset":1},{"HoleId":9,"SetId":22,"Strokes":4,"StrokeOffset":1},{"HoleId":10,"SetId":21,"Strokes":7,"StrokeOffset":3},{"HoleId":10,"SetId":22,"Strokes":5,"StrokeOffset":1},{"HoleId":11,"SetId":21,"Strokes":5,"StrokeOffset":2},{"HoleId":11,"SetId":22,"Strokes":5,"StrokeOffset":2},{"HoleId":12,"SetId":21,"Strokes":3,"StrokeOffset":0},{"HoleId":12,"SetId":22,"Strokes":3,"StrokeOffset":0},{"HoleId":13,"SetId":21,"Strokes":4,"StrokeOffset":1},{"HoleId":13,"SetId":22,"Strokes":5,"StrokeOffset":2},{"HoleId":14,"SetId":21,"Strokes":5,"StrokeOffset":1},{"HoleId":14,"SetId":22,"Strokes":6,"StrokeOffset":2},{"HoleId":15,"SetId":21,"Strokes":3,"StrokeOffset":0},{"HoleId":15,"SetId":22,"Strokes":4,"StrokeOffset":1},{"HoleId":16,"SetId":21,"Strokes":4,"StrokeOffset":0},{"HoleId":16,"SetId":22,"Strokes":5,"StrokeOffset":1},{"HoleId":17,"SetId":21,"Strokes":5,"StrokeOffset":2},{"HoleId":17,"SetId":22,"Strokes":3,"StrokeOffset":0},{"HoleId":18,"SetId":21,"Strokes":3,"StrokeOffset":0},{"HoleId":18,"SetId":22,"Strokes":5,"StrokeOffset":2},{"HoleId":46,"SetId":23,"Strokes":5,"StrokeOffset":2},{"HoleId":46,"SetId":24,"Strokes":4,"StrokeOffset":1},{"HoleId":47,"SetId":23,"Strokes":3,"StrokeOffset":0},{"HoleId":47,"SetId":24,"Strokes":4,"StrokeOffset":1},{"HoleId":48,"SetId":23,"Strokes":5,"StrokeOffset":2},{"HoleId":48,"SetId":24,"Strokes":3,"StrokeOffset":0},{"HoleId":49,"SetId":23,"Strokes":4,"StrokeOffset":1},{"HoleId":49,"SetId":24,"Strokes":3,"StrokeOffset":0},{"HoleId":50,"SetId":23,"Strokes":4,"StrokeOffset":1},{"HoleId":50,"SetId":24,"Strokes":4,"StrokeOffset":1},{"HoleId":51,"SetId":23,"Strokes":4,"StrokeOffset":2},{"HoleId":51,"SetId":24,"Strokes":2,"StrokeOffset":0},{"HoleId":52,"SetId":23,"Strokes":3,"StrokeOffset":0},{"HoleId":52,"SetId":24,"Strokes":4,"StrokeOffset":1},{"HoleId":53,"SetId":23,"Strokes":4,"StrokeOffset":1},{"HoleId":53,"SetId":24,"Strokes":3,"StrokeOffset":0},{"HoleId":54,"SetId":23,"Strokes":4,"StrokeOffset":1},{"HoleId":54,"SetId":24,"Strokes":4,"StrokeOffset":1},{"HoleId":55,"SetId":23,"Strokes":6,"StrokeOffset":2},{"HoleId":55,"SetId":24,"Strokes":5,"StrokeOffset":1},{"HoleId":56,"SetId":23,"Strokes":4,"StrokeOffset":1},{"HoleId":56,"SetId":24,"Strokes":5,"StrokeOffset":2},{"HoleId":57,"SetId":23,"Strokes":3,"StrokeOffset":0},{"HoleId":57,"SetId":24,"Strokes":6,"StrokeOffset":3},{"HoleId":58,"SetId":23,"Strokes":3,"StrokeOffset":1},{"HoleId":58,"SetId":24,"Strokes":4,"StrokeOffset":2},{"HoleId":59,"SetId":23,"Strokes":4,"StrokeOffset":1},{"HoleId":59,"SetId":24,"Strokes":3,"StrokeOffset":0},{"HoleId":60,"SetId":23,"Strokes":4,"StrokeOffset":1},{"HoleId":60,"SetId":24,"Strokes":5,"StrokeOffset":2},{"HoleId":61,"SetId":23,"Strokes":4,"StrokeOffset":1},{"HoleId":61,"SetId":24,"Strokes":4,"StrokeOffset":1},{"HoleId":62,"SetId":23,"Strokes":3,"StrokeOffset":0},{"HoleId":62,"SetId":24,"Strokes":3,"StrokeOffset":0},{"HoleId":63,"SetId":23,"Strokes":3,"StrokeOffset":0},{"HoleId":63,"SetId":24,"Strokes":3,"StrokeOffset":0},{"HoleId":1,"SetId":25,"Strokes":4,"StrokeOffset":1},{"HoleId":1,"SetId":26,"Strokes":5,"StrokeOffset":2},{"HoleId":2,"SetId":25,"Strokes":5,"StrokeOffset":2},{"HoleId":2,"SetId":26,"Strokes":6,"StrokeOffset":3},{"HoleId":3,"SetId":25,"Strokes":5,"StrokeOffset":2},{"HoleId":3,"SetId":26,"Strokes":6,"StrokeOffset":3},{"HoleId":4,"SetId":25,"Strokes":3,"StrokeOffset":0},{"HoleId":4,"SetId":26,"Strokes":5,"StrokeOffset":2},{"HoleId":5,"SetId":25,"Strokes":4,"StrokeOffset":1},{"HoleId":5,"SetId":26,"Strokes":4,"StrokeOffset":1},{"HoleId":6,"SetId":25,"Strokes":3,"StrokeOffset":0},{"HoleId":6,"SetId":26,"Strokes":4,"StrokeOffset":1},{"HoleId":7,"SetId":25,"Strokes":6,"StrokeOffset":2},{"HoleId":7,"SetId":26,"Strokes":7,"StrokeOffset":3},{"HoleId":8,"SetId":25,"Strokes":6,"StrokeOffset":2},{"HoleId":8,"SetId":26,"Strokes":9,"StrokeOffset":5},{"HoleId":9,"SetId":25,"Strokes":6,"StrokeOffset":3},{"HoleId":9,"SetId":26,"Strokes":7,"StrokeOffset":4},{"HoleId":10,"SetId":25,"Strokes":7,"StrokeOffset":3},{"HoleId":10,"SetId":26,"Strokes":8,"StrokeOffset":4},{"HoleId":11,"SetId":25,"Strokes":4,"StrokeOffset":1},{"HoleId":11,"SetId":26,"Strokes":6,"StrokeOffset":3},{"HoleId":12,"SetId":25,"Strokes":4,"StrokeOffset":1},{"HoleId":12,"SetId":26,"Strokes":6,"StrokeOffset":3},{"HoleId":13,"SetId":25,"Strokes":4,"StrokeOffset":1},{"HoleId":13,"SetId":26,"Strokes":5,"StrokeOffset":2},{"HoleId":14,"SetId":25,"Strokes":6,"StrokeOffset":2},{"HoleId":14,"SetId":26,"Strokes":7,"StrokeOffset":3},{"HoleId":15,"SetId":25,"Strokes":3,"StrokeOffset":0},{"HoleId":15,"SetId":26,"Strokes":5,"StrokeOffset":2},{"HoleId":16,"SetId":25,"Strokes":6,"StrokeOffset":2},{"HoleId":16,"SetId":26,"Strokes":6,"StrokeOffset":2},{"HoleId":17,"SetId":25,"Strokes":4,"StrokeOffset":1},{"HoleId":17,"SetId":26,"Strokes":5,"StrokeOffset":2},{"HoleId":18,"SetId":25,"Strokes":4,"StrokeOffset":1},{"HoleId":18,"SetId":26,"Strokes":4,"StrokeOffset":1},{"HoleId":28,"SetId":28,"Strokes":5,"StrokeOffset":2},{"HoleId":28,"SetId":29,"Strokes":5,"StrokeOffset":2},{"HoleId":29,"SetId":28,"Strokes":6,"StrokeOffset":3},{"HoleId":29,"SetId":29,"Strokes":7,"StrokeOffset":4},{"HoleId":30,"SetId":28,"Strokes":4,"StrokeOffset":1},{"HoleId":30,"SetId":29,"Strokes":6,"StrokeOffset":3},{"HoleId":31,"SetId":28,"Strokes":3,"StrokeOffset":0},{"HoleId":31,"SetId":29,"Strokes":6,"StrokeOffset":3},{"HoleId":32,"SetId":28,"Strokes":6,"StrokeOffset":2},{"HoleId":32,"SetId":29,"Strokes":6,"StrokeOffset":2},{"HoleId":33,"SetId":28,"Strokes":5,"StrokeOffset":2},{"HoleId":33,"SetId":29,"Strokes":6,"StrokeOffset":3},{"HoleId":34,"SetId":28,"Strokes":4,"StrokeOffset":1},{"HoleId":34,"SetId":29,"Strokes":5,"StrokeOffset":2},{"HoleId":35,"SetId":28,"Strokes":5,"StrokeOffset":2},{"HoleId":35,"SetId":29,"Strokes":6,"StrokeOffset":3},{"HoleId":36,"SetId":28,"Strokes":4,"StrokeOffset":1},{"HoleId":36,"SetId":29,"Strokes":5,"StrokeOffset":2},{"HoleId":37,"SetId":28,"Strokes":7,"StrokeOffset":2},{"HoleId":37,"SetId":29,"Strokes":8,"StrokeOffset":3},{"HoleId":38,"SetId":28,"Strokes":4,"StrokeOffset":1},{"HoleId":38,"SetId":29,"Strokes":5,"StrokeOffset":2},{"HoleId":39,"SetId":28,"Strokes":4,"StrokeOffset":1},{"HoleId":39,"SetId":29,"Strokes":5,"StrokeOffset":2},{"HoleId":40,"SetId":28,"Strokes":6,"StrokeOffset":3},{"HoleId":40,"SetId":29,"Strokes":6,"StrokeOffset":3},{"HoleId":41,"SetId":28,"Strokes":6,"StrokeOffset":3},{"HoleId":41,"SetId":29,"Strokes":6,"StrokeOffset":3},{"HoleId":42,"SetId":28,"Strokes":4,"StrokeOffset":1},{"HoleId":42,"SetId":29,"Strokes":6,"StrokeOffset":3},{"HoleId":43,"SetId":28,"Strokes":6,"StrokeOffset":3},{"HoleId":43,"SetId":29,"Strokes":7,"StrokeOffset":4},{"HoleId":44,"SetId":28,"Strokes":4,"StrokeOffset":1},{"HoleId":44,"SetId":29,"Strokes":8,"StrokeOffset":5},{"HoleId":45,"SetId":28,"Strokes":4,"StrokeOffset":1},{"HoleId":45,"SetId":29,"Strokes":5,"StrokeOffset":2},{"HoleId":1,"SetId":30,"Strokes":4,"StrokeOffset":1},{"HoleId":1,"SetId":32,"Strokes":5,"StrokeOffset":2},{"HoleId":1,"SetId":31,"Strokes":5,"StrokeOffset":2},{"HoleId":1,"SetId":33,"Strokes":5,"StrokeOffset":2},{"HoleId":2,"SetId":30,"Strokes":4,"StrokeOffset":1},{"HoleId":2,"SetId":32,"Strokes":5,"StrokeOffset":2},{"HoleId":2,"SetId":31,"Strokes":5,"StrokeOffset":2},{"HoleId":2,"SetId":33,"Strokes":4,"StrokeOffset":1},{"HoleId":3,"SetId":30,"Strokes":4,"StrokeOffset":1},{"HoleId":3,"SetId":32,"Strokes":5,"StrokeOffset":2},{"HoleId":3,"SetId":31,"Strokes":5,"StrokeOffset":2},{"HoleId":3,"SetId":33,"Strokes":5,"StrokeOffset":2},{"HoleId":4,"SetId":30,"Strokes":3,"StrokeOffset":0},{"HoleId":4,"SetId":32,"Strokes":3,"StrokeOffset":0},{"HoleId":4,"SetId":31,"Strokes":5,"StrokeOffset":2},{"HoleId":4,"SetId":33,"Strokes":4,"StrokeOffset":1},{"HoleId":5,"SetId":30,"Strokes":4,"StrokeOffset":1},{"HoleId":5,"SetId":32,"Strokes":3,"StrokeOffset":0},{"HoleId":5,"SetId":31,"Strokes":5,"StrokeOffset":2},{"HoleId":5,"SetId":33,"Strokes":4,"StrokeOffset":1},{"HoleId":6,"SetId":30,"Strokes":3,"StrokeOffset":0},{"HoleId":6,"SetId":32,"Strokes":4,"StrokeOffset":1},{"HoleId":6,"SetId":31,"Strokes":4,"StrokeOffset":1},{"HoleId":6,"SetId":33,"Strokes":3,"StrokeOffset":0},{"HoleId":7,"SetId":30,"Strokes":6,"StrokeOffset":2},{"HoleId":7,"SetId":32,"Strokes":5,"StrokeOffset":1},{"HoleId":7,"SetId":31,"Strokes":7,"StrokeOffset":3},{"HoleId":7,"SetId":33,"Strokes":6,"StrokeOffset":2},{"HoleId":8,"SetId":30,"Strokes":5,"StrokeOffset":1},{"HoleId":8,"SetId":32,"Strokes":4,"StrokeOffset":0},{"HoleId":8,"SetId":31,"Strokes":6,"StrokeOffset":2},{"HoleId":8,"SetId":33,"Strokes":7,"StrokeOffset":3},{"HoleId":9,"SetId":30,"Strokes":5,"StrokeOffset":2},{"HoleId":9,"SetId":32,"Strokes":4,"StrokeOffset":1},{"HoleId":9,"SetId":31,"Strokes":6,"StrokeOffset":3},{"HoleId":9,"SetId":33,"Strokes":6,"StrokeOffset":3},{"HoleId":10,"SetId":30,"Strokes":8,"StrokeOffset":4},{"HoleId":10,"SetId":32,"Strokes":6,"StrokeOffset":2},{"HoleId":10,"SetId":31,"Strokes":7,"StrokeOffset":3},{"HoleId":10,"SetId":33,"Strokes":8,"StrokeOffset":4},{"HoleId":11,"SetId":30,"Strokes":3,"StrokeOffset":0},{"HoleId":11,"SetId":32,"Strokes":4,"StrokeOffset":1},{"HoleId":11,"SetId":31,"Strokes":7,"StrokeOffset":4},{"HoleId":11,"SetId":33,"Strokes":4,"StrokeOffset":1},{"HoleId":12,"SetId":30,"Strokes":4,"StrokeOffset":1},{"HoleId":12,"SetId":32,"Strokes":4,"StrokeOffset":1},{"HoleId":12,"SetId":31,"Strokes":5,"StrokeOffset":2},{"HoleId":12,"SetId":33,"Strokes":4,"StrokeOffset":1},{"HoleId":13,"SetId":30,"Strokes":4,"StrokeOffset":1},{"HoleId":13,"SetId":32,"Strokes":3,"StrokeOffset":0},{"HoleId":13,"SetId":31,"Strokes":5,"StrokeOffset":2},{"HoleId":13,"SetId":33,"Strokes":6,"StrokeOffset":3},{"HoleId":14,"SetId":30,"Strokes":4,"StrokeOffset":0},{"HoleId":14,"SetId":32,"Strokes":8,"StrokeOffset":4},{"HoleId":14,"SetId":31,"Strokes":7,"StrokeOffset":3},{"HoleId":14,"SetId":33,"Strokes":8,"StrokeOffset":4},{"HoleId":15,"SetId":30,"Strokes":4,"StrokeOffset":1},{"HoleId":15,"SetId":32,"Strokes":3,"StrokeOffset":0},{"HoleId":15,"SetId":31,"Strokes":6,"StrokeOffset":3},{"HoleId":15,"SetId":33,"Strokes":5,"StrokeOffset":2},{"HoleId":19,"SetId":34,"Strokes":4,"StrokeOffset":1},{"HoleId":19,"SetId":35,"Strokes":4,"StrokeOffset":1},{"HoleId":19,"SetId":36,"Strokes":4,"StrokeOffset":1},{"HoleId":19,"SetId":37,"Strokes":4,"StrokeOffset":1},{"HoleId":19,"SetId":38,"Strokes":4,"StrokeOffset":1},{"HoleId":20,"SetId":34,"Strokes":3,"StrokeOffset":0},{"HoleId":20,"SetId":35,"Strokes":3,"StrokeOffset":0},{"HoleId":20,"SetId":36,"Strokes":3,"StrokeOffset":0},{"HoleId":20,"SetId":37,"Strokes":4,"StrokeOffset":1},{"HoleId":20,"SetId":38,"Strokes":6,"StrokeOffset":3},{"HoleId":21,"SetId":34,"Strokes":5,"StrokeOffset":2},{"HoleId":21,"SetId":35,"Strokes":4,"StrokeOffset":1},{"HoleId":21,"SetId":36,"Strokes":4,"StrokeOffset":1},{"HoleId":21,"SetId":37,"Strokes":5,"StrokeOffset":2},{"HoleId":21,"SetId":38,"Strokes":5,"StrokeOffset":2},{"HoleId":22,"SetId":34,"Strokes":4,"StrokeOffset":1},{"HoleId":22,"SetId":35,"Strokes":5,"StrokeOffset":2},{"HoleId":22,"SetId":36,"Strokes":6,"StrokeOffset":3},{"HoleId":22,"SetId":37,"Strokes":6,"StrokeOffset":3},{"HoleId":22,"SetId":38,"Strokes":4,"StrokeOffset":1},{"HoleId":23,"SetId":34,"Strokes":4,"StrokeOffset":1},{"HoleId":23,"SetId":35,"Strokes":3,"StrokeOffset":0},{"HoleId":23,"SetId":36,"Strokes":6,"StrokeOffset":3},{"HoleId":23,"SetId":37,"Strokes":3,"StrokeOffset":0},{"HoleId":23,"SetId":38,"Strokes":3,"StrokeOffset":0},{"HoleId":24,"SetId":34,"Strokes":4,"StrokeOffset":1},{"HoleId":24,"SetId":35,"Strokes":4,"StrokeOffset":1},{"HoleId":24,"SetId":36,"Strokes":3,"StrokeOffset":0},{"HoleId":24,"SetId":37,"Strokes":6,"StrokeOffset":3},{"HoleId":24,"SetId":38,"Strokes":4,"StrokeOffset":1},{"HoleId":25,"SetId":34,"Strokes":3,"StrokeOffset":0},{"HoleId":25,"SetId":35,"Strokes":4,"StrokeOffset":1},{"HoleId":25,"SetId":36,"Strokes":4,"StrokeOffset":1},{"HoleId":25,"SetId":37,"Strokes":4,"StrokeOffset":1},{"HoleId":25,"SetId":38,"Strokes":5,"StrokeOffset":2},{"HoleId":26,"SetId":34,"Strokes":4,"StrokeOffset":0},{"HoleId":26,"SetId":35,"Strokes":4,"StrokeOffset":0},{"HoleId":26,"SetId":36,"Strokes":4,"StrokeOffset":0},{"HoleId":26,"SetId":37,"Strokes":6,"StrokeOffset":2},{"HoleId":26,"SetId":38,"Strokes":6,"StrokeOffset":2},{"HoleId":27,"SetId":34,"Strokes":3,"StrokeOffset":0},{"HoleId":27,"SetId":35,"Strokes":3,"StrokeOffset":0},{"HoleId":27,"SetId":36,"Strokes":4,"StrokeOffset":1},{"HoleId":27,"SetId":37,"Strokes":3,"StrokeOffset":0},{"HoleId":27,"SetId":38,"Strokes":3,"StrokeOffset":0},{"HoleId":19,"SetId":39,"Strokes":4,"StrokeOffset":1},{"HoleId":20,"SetId":39,"Strokes":2,"StrokeOffset":-1},{"HoleId":21,"SetId":39,"Strokes":5,"StrokeOffset":2},{"HoleId":22,"SetId":39,"Strokes":6,"StrokeOffset":3},{"HoleId":23,"SetId":39,"Strokes":6,"StrokeOffset":3},{"HoleId":24,"SetId":39,"Strokes":4,"StrokeOffset":1},{"HoleId":25,"SetId":39,"Strokes":5,"StrokeOffset":2},{"HoleId":26,"SetId":39,"Strokes":4,"StrokeOffset":0},{"HoleId":27,"SetId":39,"Strokes":3,"StrokeOffset":0},{"HoleId":19,"SetId":40,"Strokes":6,"StrokeOffset":3},{"HoleId":19,"SetId":41,"Strokes":6,"StrokeOffset":3},{"HoleId":19,"SetId":42,"Strokes":4,"StrokeOffset":1},{"HoleId":20,"SetId":40,"Strokes":4,"StrokeOffset":1},{"HoleId":20,"SetId":41,"Strokes":2,"StrokeOffset":-1},{"HoleId":20,"SetId":42,"Strokes":4,"StrokeOffset":1},{"HoleId":21,"SetId":40,"Strokes":3,"StrokeOffset":0},{"HoleId":21,"SetId":41,"Strokes":4,"StrokeOffset":1},{"HoleId":21,"SetId":42,"Strokes":5,"StrokeOffset":2},{"HoleId":22,"SetId":40,"Strokes":4,"StrokeOffset":1},{"HoleId":22,"SetId":41,"Strokes":4,"StrokeOffset":1},{"HoleId":22,"SetId":42,"Strokes":5,"StrokeOffset":2},{"HoleId":23,"SetId":40,"Strokes":5,"StrokeOffset":2},{"HoleId":23,"SetId":41,"Strokes":4,"StrokeOffset":1},{"HoleId":23,"SetId":42,"Strokes":6,"StrokeOffset":3},{"HoleId":24,"SetId":40,"Strokes":4,"StrokeOffset":1},{"HoleId":24,"SetId":41,"Strokes":3,"StrokeOffset":0},{"HoleId":24,"SetId":42,"Strokes":3,"StrokeOffset":0},{"HoleId":25,"SetId":40,"Strokes":3,"StrokeOffset":0},{"HoleId":25,"SetId":41,"Strokes":3,"StrokeOffset":0},{"HoleId":25,"SetId":42,"Strokes":4,"StrokeOffset":1},{"HoleId":26,"SetId":40,"Strokes":5,"StrokeOffset":1},{"HoleId":26,"SetId":41,"Strokes":7,"StrokeOffset":3},{"HoleId":26,"SetId":42,"Strokes":5,"StrokeOffset":1},{"HoleId":27,"SetId":40,"Strokes":5,"StrokeOffset":2},{"HoleId":27,"SetId":41,"Strokes":2,"StrokeOffset":-1},{"HoleId":27,"SetId":42,"Strokes":3,"StrokeOffset":0},{"HoleId":19,"SetId":43,"Strokes":4,"StrokeOffset":1},{"HoleId":19,"SetId":44,"Strokes":5,"StrokeOffset":2},{"HoleId":20,"SetId":43,"Strokes":3,"StrokeOffset":0},{"HoleId":20,"SetId":44,"Strokes":3,"StrokeOffset":0},{"HoleId":21,"SetId":43,"Strokes":5,"StrokeOffset":2},{"HoleId":21,"SetId":44,"Strokes":3,"StrokeOffset":0},{"HoleId":22,"SetId":43,"Strokes":5,"StrokeOffset":2},{"HoleId":22,"SetId":44,"Strokes":6,"StrokeOffset":3},{"HoleId":23,"SetId":43,"Strokes":5,"StrokeOffset":2},{"HoleId":23,"SetId":44,"Strokes":3,"StrokeOffset":0},{"HoleId":24,"SetId":43,"Strokes":4,"StrokeOffset":1},{"HoleId":24,"SetId":44,"Strokes":5,"StrokeOffset":2},{"HoleId":25,"SetId":43,"Strokes":5,"StrokeOffset":2},{"HoleId":25,"SetId":44,"Strokes":3,"StrokeOffset":0},{"HoleId":26,"SetId":43,"Strokes":5,"StrokeOffset":1},{"HoleId":26,"SetId":44,"Strokes":5,"StrokeOffset":1},{"HoleId":27,"SetId":43,"Strokes":5,"StrokeOffset":2},{"HoleId":27,"SetId":44,"Strokes":5,"StrokeOffset":2},{"HoleId":1,"SetId":45,"Strokes":6,"StrokeOffset":3},{"HoleId":2,"SetId":45,"Strokes":5,"StrokeOffset":2},{"HoleId":3,"SetId":45,"Strokes":4,"StrokeOffset":1},{"HoleId":4,"SetId":45,"Strokes":4,"StrokeOffset":1},{"HoleId":5,"SetId":45,"Strokes":4,"StrokeOffset":1},{"HoleId":6,"SetId":45,"Strokes":5,"StrokeOffset":2},{"HoleId":7,"SetId":45,"Strokes":8,"StrokeOffset":4},{"HoleId":8,"SetId":45,"Strokes":6,"StrokeOffset":2},{"HoleId":9,"SetId":45,"Strokes":3,"StrokeOffset":0},{"HoleId":10,"SetId":45,"Strokes":7,"StrokeOffset":3},{"HoleId":11,"SetId":45,"Strokes":7,"StrokeOffset":4},{"HoleId":12,"SetId":45,"Strokes":6,"StrokeOffset":3},{"HoleId":13,"SetId":45,"Strokes":4,"StrokeOffset":1},{"HoleId":14,"SetId":45,"Strokes":6,"StrokeOffset":2},{"HoleId":1,"SetId":47,"Strokes":3,"StrokeOffset":0},{"HoleId":1,"SetId":48,"Strokes":4,"StrokeOffset":1},{"HoleId":1,"SetId":49,"Strokes":4,"StrokeOffset":1},{"HoleId":1,"SetId":50,"Strokes":3,"StrokeOffset":0},{"HoleId":2,"SetId":47,"Strokes":4,"StrokeOffset":1},{"HoleId":2,"SetId":48,"Strokes":5,"StrokeOffset":2},{"HoleId":2,"SetId":49,"Strokes":4,"StrokeOffset":1},{"HoleId":2,"SetId":50,"Strokes":4,"StrokeOffset":1},{"HoleId":3,"SetId":47,"Strokes":4,"StrokeOffset":1},{"HoleId":3,"SetId":48,"Strokes":4,"StrokeOffset":1},{"HoleId":3,"SetId":49,"Strokes":3,"StrokeOffset":0},{"HoleId":3,"SetId":50,"Strokes":5,"StrokeOffset":2},{"HoleId":4,"SetId":47,"Strokes":3,"StrokeOffset":0},{"HoleId":4,"SetId":48,"Strokes":3,"StrokeOffset":0},{"HoleId":4,"SetId":49,"Strokes":3,"StrokeOffset":0},{"HoleId":4,"SetId":50,"Strokes":3,"StrokeOffset":0},{"HoleId":5,"SetId":47,"Strokes":3,"StrokeOffset":0},{"HoleId":5,"SetId":48,"Strokes":3,"StrokeOffset":0},{"HoleId":5,"SetId":49,"Strokes":3,"StrokeOffset":0},{"HoleId":5,"SetId":50,"Strokes":3,"StrokeOffset":0},{"HoleId":6,"SetId":47,"Strokes":3,"StrokeOffset":0},{"HoleId":6,"SetId":48,"Strokes":6,"StrokeOffset":3},{"HoleId":6,"SetId":49,"Strokes":3,"StrokeOffset":0},{"HoleId":6,"SetId":50,"Strokes":4,"StrokeOffset":1},{"HoleId":7,"SetId":47,"Strokes":5,"StrokeOffset":1},{"HoleId":7,"SetId":48,"Strokes":6,"StrokeOffset":2},{"HoleId":7,"SetId":49,"Strokes":7,"StrokeOffset":3},{"HoleId":7,"SetId":50,"Strokes":7,"StrokeOffset":3},{"HoleId":8,"SetId":47,"Strokes":7,"StrokeOffset":3},{"HoleId":8,"SetId":48,"Strokes":6,"StrokeOffset":2},{"HoleId":8,"SetId":49,"Strokes":6,"StrokeOffset":2},{"HoleId":8,"SetId":50,"Strokes":5,"StrokeOffset":1},{"HoleId":9,"SetId":47,"Strokes":5,"StrokeOffset":2},{"HoleId":9,"SetId":48,"Strokes":4,"StrokeOffset":1},{"HoleId":9,"SetId":49,"Strokes":4,"StrokeOffset":1},{"HoleId":9,"SetId":50,"Strokes":6,"StrokeOffset":3},{"HoleId":10,"SetId":47,"Strokes":8,"StrokeOffset":4},{"HoleId":10,"SetId":48,"Strokes":5,"StrokeOffset":1},{"HoleId":10,"SetId":49,"Strokes":7,"StrokeOffset":3},{"HoleId":10,"SetId":50,"Strokes":7,"StrokeOffset":3},{"HoleId":11,"SetId":47,"Strokes":4,"StrokeOffset":1},{"HoleId":11,"SetId":48,"Strokes":6,"StrokeOffset":3},{"HoleId":11,"SetId":49,"Strokes":4,"StrokeOffset":1},{"HoleId":11,"SetId":50,"Strokes":4,"StrokeOffset":1},{"HoleId":12,"SetId":47,"Strokes":3,"StrokeOffset":0},{"HoleId":12,"SetId":48,"Strokes":4,"StrokeOffset":1},{"HoleId":12,"SetId":49,"Strokes":3,"StrokeOffset":0},{"HoleId":12,"SetId":50,"Strokes":6,"StrokeOffset":3},{"HoleId":13,"SetId":47,"Strokes":7,"StrokeOffset":4},{"HoleId":13,"SetId":48,"Strokes":4,"StrokeOffset":1},{"HoleId":13,"SetId":49,"Strokes":5,"StrokeOffset":2},{"HoleId":13,"SetId":50,"Strokes":5,"StrokeOffset":2},{"HoleId":14,"SetId":47,"Strokes":6,"StrokeOffset":2},{"HoleId":14,"SetId":48,"Strokes":7,"StrokeOffset":3},{"HoleId":14,"SetId":49,"Strokes":7,"StrokeOffset":3},{"HoleId":14,"SetId":50,"Strokes":6,"StrokeOffset":2},{"HoleId":15,"SetId":47,"Strokes":3,"StrokeOffset":0},{"HoleId":15,"SetId":48,"Strokes":3,"StrokeOffset":0},{"HoleId":15,"SetId":49,"Strokes":5,"StrokeOffset":2},{"HoleId":15,"SetId":50,"Strokes":5,"StrokeOffset":2},{"HoleId":16,"SetId":47,"Strokes":6,"StrokeOffset":2},{"HoleId":16,"SetId":48,"Strokes":5,"StrokeOffset":1},{"HoleId":16,"SetId":49,"Strokes":4,"StrokeOffset":0},{"HoleId":16,"SetId":50,"Strokes":4,"StrokeOffset":0},{"HoleId":17,"SetId":47,"Strokes":3,"StrokeOffset":0},{"HoleId":17,"SetId":48,"Strokes":4,"StrokeOffset":1},{"HoleId":17,"SetId":49,"Strokes":4,"StrokeOffset":1},{"HoleId":17,"SetId":50,"Strokes":4,"StrokeOffset":1},{"HoleId":18,"SetId":47,"Strokes":4,"StrokeOffset":1},{"HoleId":18,"SetId":48,"Strokes":3,"StrokeOffset":0},{"HoleId":18,"SetId":49,"Strokes":4,"StrokeOffset":1},{"HoleId":18,"SetId":50,"Strokes":4,"StrokeOffset":1},{"HoleId":1,"SetId":51,"Strokes":4,"StrokeOffset":1},{"HoleId":2,"SetId":51,"Strokes":5,"StrokeOffset":2},{"HoleId":3,"SetId":51,"Strokes":4,"StrokeOffset":1},{"HoleId":4,"SetId":51,"Strokes":3,"StrokeOffset":0},{"HoleId":5,"SetId":51,"Strokes":3,"StrokeOffset":0},{"HoleId":6,"SetId":51,"Strokes":5,"StrokeOffset":2},{"HoleId":7,"SetId":51,"Strokes":4,"StrokeOffset":0},{"HoleId":8,"SetId":51,"Strokes":7,"StrokeOffset":3},{"HoleId":9,"SetId":51,"Strokes":4,"StrokeOffset":1},{"HoleId":10,"SetId":51,"Strokes":7,"StrokeOffset":3},{"HoleId":11,"SetId":51,"Strokes":5,"StrokeOffset":2},{"HoleId":12,"SetId":51,"Strokes":4,"StrokeOffset":1},{"HoleId":13,"SetId":51,"Strokes":3,"StrokeOffset":0},{"HoleId":14,"SetId":51,"Strokes":5,"StrokeOffset":1},{"HoleId":15,"SetId":51,"Strokes":4,"StrokeOffset":1},{"HoleId":16,"SetId":51,"Strokes":6,"StrokeOffset":2},{"HoleId":17,"SetId":51,"Strokes":5,"StrokeOffset":2},{"HoleId":18,"SetId":51,"Strokes":3,"StrokeOffset":0},{"HoleId":28,"SetId":52,"Strokes":4,"StrokeOffset":1},{"HoleId":29,"SetId":52,"Strokes":3,"StrokeOffset":0},{"HoleId":30,"SetId":52,"Strokes":3,"StrokeOffset":0},{"HoleId":31,"SetId":52,"Strokes":5,"StrokeOffset":2},{"HoleId":32,"SetId":52,"Strokes":7,"StrokeOffset":3},{"HoleId":33,"SetId":52,"Strokes":5,"StrokeOffset":2},{"HoleId":34,"SetId":52,"Strokes":3,"StrokeOffset":0},{"HoleId":35,"SetId":52,"Strokes":3,"StrokeOffset":0},{"HoleId":36,"SetId":52,"Strokes":7,"StrokeOffset":4},{"HoleId":37,"SetId":52,"Strokes":5,"StrokeOffset":0},{"HoleId":38,"SetId":52,"Strokes":5,"StrokeOffset":2},{"HoleId":39,"SetId":52,"Strokes":7,"StrokeOffset":4},{"HoleId":40,"SetId":52,"Strokes":5,"StrokeOffset":2},{"HoleId":41,"SetId":52,"Strokes":5,"StrokeOffset":2},{"HoleId":42,"SetId":52,"Strokes":5,"StrokeOffset":2},{"HoleId":43,"SetId":52,"Strokes":5,"StrokeOffset":2},{"HoleId":44,"SetId":52,"Strokes":4,"StrokeOffset":1},{"HoleId":45,"SetId":52,"Strokes":4,"StrokeOffset":1},{"HoleId":1,"SetId":53,"Strokes":4,"StrokeOffset":1},{"HoleId":1,"SetId":57,"Strokes":7,"StrokeOffset":4},{"HoleId":1,"SetId":56,"Strokes":5,"StrokeOffset":2},{"HoleId":1,"SetId":54,"Strokes":3,"StrokeOffset":0},{"HoleId":1,"SetId":55,"Strokes":5,"StrokeOffset":2},{"HoleId":2,"SetId":53,"Strokes":4,"StrokeOffset":1},{"HoleId":2,"SetId":57,"Strokes":6,"StrokeOffset":3},{"HoleId":2,"SetId":56,"Strokes":6,"StrokeOffset":3},{"HoleId":2,"SetId":54,"Strokes":3,"StrokeOffset":0},{"HoleId":2,"SetId":55,"Strokes":3,"StrokeOffset":0},{"HoleId":3,"SetId":53,"Strokes":3,"StrokeOffset":0},{"HoleId":3,"SetId":57,"Strokes":7,"StrokeOffset":4},{"HoleId":3,"SetId":56,"Strokes":4,"StrokeOffset":1},{"HoleId":3,"SetId":54,"Strokes":4,"StrokeOffset":1},{"HoleId":3,"SetId":55,"Strokes":4,"StrokeOffset":1},{"HoleId":4,"SetId":53,"Strokes":3,"StrokeOffset":0},{"HoleId":4,"SetId":57,"Strokes":5,"StrokeOffset":2},{"HoleId":4,"SetId":56,"Strokes":4,"StrokeOffset":1},{"HoleId":4,"SetId":54,"Strokes":4,"StrokeOffset":1},{"HoleId":4,"SetId":55,"Strokes":3,"StrokeOffset":0},{"HoleId":5,"SetId":53,"Strokes":3,"StrokeOffset":0},{"HoleId":5,"SetId":57,"Strokes":5,"StrokeOffset":2},{"HoleId":5,"SetId":56,"Strokes":3,"StrokeOffset":0},{"HoleId":5,"SetId":54,"Strokes":4,"StrokeOffset":1},{"HoleId":5,"SetId":55,"Strokes":3,"StrokeOffset":0},{"HoleId":6,"SetId":53,"Strokes":3,"StrokeOffset":0},{"HoleId":6,"SetId":57,"Strokes":5,"StrokeOffset":2},{"HoleId":6,"SetId":56,"Strokes":4,"StrokeOffset":1},{"HoleId":6,"SetId":54,"Strokes":3,"StrokeOffset":0},{"HoleId":6,"SetId":55,"Strokes":5,"StrokeOffset":2},{"HoleId":7,"SetId":53,"Strokes":5,"StrokeOffset":1},{"HoleId":7,"SetId":57,"Strokes":8,"StrokeOffset":4},{"HoleId":7,"SetId":56,"Strokes":6,"StrokeOffset":2},{"HoleId":7,"SetId":54,"Strokes":6,"StrokeOffset":2},{"HoleId":7,"SetId":55,"Strokes":6,"StrokeOffset":2},{"HoleId":8,"SetId":53,"Strokes":7,"StrokeOffset":3},{"HoleId":8,"SetId":57,"Strokes":8,"StrokeOffset":4},{"HoleId":8,"SetId":56,"Strokes":6,"StrokeOffset":2},{"HoleId":8,"SetId":54,"Strokes":6,"StrokeOffset":2},{"HoleId":8,"SetId":55,"Strokes":6,"StrokeOffset":2},{"HoleId":9,"SetId":53,"Strokes":5,"StrokeOffset":2},{"HoleId":9,"SetId":57,"Strokes":8,"StrokeOffset":5},{"HoleId":9,"SetId":56,"Strokes":6,"StrokeOffset":3},{"HoleId":9,"SetId":54,"Strokes":4,"StrokeOffset":1},{"HoleId":9,"SetId":55,"Strokes":5,"StrokeOffset":2},{"HoleId":10,"SetId":53,"Strokes":7,"StrokeOffset":3},{"HoleId":10,"SetId":56,"Strokes":7,"StrokeOffset":3},{"HoleId":10,"SetId":54,"Strokes":7,"StrokeOffset":3},{"HoleId":10,"SetId":55,"Strokes":8,"StrokeOffset":4},{"HoleId":11,"SetId":53,"Strokes":4,"StrokeOffset":1},{"HoleId":11,"SetId":57,"Strokes":5,"StrokeOffset":2},{"HoleId":11,"SetId":56,"Strokes":4,"StrokeOffset":1},{"HoleId":11,"SetId":54,"Strokes":3,"StrokeOffset":0},{"HoleId":11,"SetId":55,"Strokes":4,"StrokeOffset":1},{"HoleId":12,"SetId":53,"Strokes":5,"StrokeOffset":2},{"HoleId":12,"SetId":57,"Strokes":5,"StrokeOffset":2},{"HoleId":12,"SetId":56,"Strokes":4,"StrokeOffset":1},{"HoleId":12,"SetId":54,"Strokes":3,"StrokeOffset":0},{"HoleId":12,"SetId":55,"Strokes":5,"StrokeOffset":2},{"HoleId":13,"SetId":53,"Strokes":3,"StrokeOffset":0},{"HoleId":13,"SetId":57,"Strokes":6,"StrokeOffset":3},{"HoleId":13,"SetId":56,"Strokes":5,"StrokeOffset":2},{"HoleId":13,"SetId":54,"Strokes":4,"StrokeOffset":1},{"HoleId":13,"SetId":55,"Strokes":4,"StrokeOffset":1},{"HoleId":14,"SetId":53,"Strokes":6,"StrokeOffset":2},{"HoleId":14,"SetId":57,"Strokes":8,"StrokeOffset":4},{"HoleId":14,"SetId":56,"Strokes":6,"StrokeOffset":2},{"HoleId":14,"SetId":54,"Strokes":4,"StrokeOffset":0},{"HoleId":14,"SetId":55,"Strokes":7,"StrokeOffset":3},{"HoleId":15,"SetId":53,"Strokes":4,"StrokeOffset":1},{"HoleId":15,"SetId":57,"Strokes":7,"StrokeOffset":4},{"HoleId":15,"SetId":56,"Strokes":6,"StrokeOffset":3},{"HoleId":15,"SetId":54,"Strokes":3,"StrokeOffset":0},{"HoleId":15,"SetId":55,"Strokes":3,"StrokeOffset":0},{"HoleId":16,"SetId":53,"Strokes":5,"StrokeOffset":1},{"HoleId":16,"SetId":57,"Strokes":8,"StrokeOffset":4},{"HoleId":16,"SetId":56,"Strokes":5,"StrokeOffset":1},{"HoleId":16,"SetId":54,"Strokes":5,"StrokeOffset":1},{"HoleId":16,"SetId":55,"Strokes":5,"StrokeOffset":1},{"HoleId":17,"SetId":53,"Strokes":4,"StrokeOffset":1},{"HoleId":17,"SetId":57,"Strokes":7,"StrokeOffset":4},{"HoleId":17,"SetId":56,"Strokes":6,"StrokeOffset":3},{"HoleId":17,"SetId":54,"Strokes":4,"StrokeOffset":1},{"HoleId":17,"SetId":55,"Strokes":3,"StrokeOffset":0},{"HoleId":18,"SetId":53,"Strokes":3,"StrokeOffset":0},{"HoleId":18,"SetId":57,"Strokes":5,"StrokeOffset":2},{"HoleId":18,"SetId":56,"Strokes":4,"StrokeOffset":1},{"HoleId":18,"SetId":54,"Strokes":4,"StrokeOffset":1},{"HoleId":18,"SetId":55,"Strokes":4,"StrokeOffset":1},{"HoleId":19,"SetId":58,"Strokes":3,"StrokeOffset":0},{"HoleId":20,"SetId":58,"Strokes":4,"StrokeOffset":1},{"HoleId":21,"SetId":58,"Strokes":5,"StrokeOffset":2},{"HoleId":22,"SetId":58,"Strokes":4,"StrokeOffset":1},{"HoleId":23,"SetId":58,"Strokes":3,"StrokeOffset":0},{"HoleId":24,"SetId":58,"Strokes":2,"StrokeOffset":-1},{"HoleId":25,"SetId":58,"Strokes":3,"StrokeOffset":0},{"HoleId":26,"SetId":58,"Strokes":4,"StrokeOffset":0},{"HoleId":27,"SetId":58,"Strokes":3,"StrokeOffset":0},{"HoleId":19,"SetId":59,"Strokes":4,"StrokeOffset":1},{"HoleId":20,"SetId":59,"Strokes":5,"StrokeOffset":2},{"HoleId":21,"SetId":59,"Strokes":4,"StrokeOffset":1},{"HoleId":22,"SetId":59,"Strokes":5,"StrokeOffset":2},{"HoleId":23,"SetId":59,"Strokes":4,"StrokeOffset":1},{"HoleId":24,"SetId":59,"Strokes":4,"StrokeOffset":1},{"HoleId":25,"SetId":59,"Strokes":4,"StrokeOffset":1},{"HoleId":26,"SetId":59,"Strokes":6,"StrokeOffset":2},{"HoleId":27,"SetId":59,"Strokes":3,"StrokeOffset":0},{"HoleId":1,"SetId":60,"Strokes":4,"StrokeOffset":1},{"HoleId":1,"SetId":61,"Strokes":3,"StrokeOffset":0},{"HoleId":1,"SetId":62,"Strokes":4,"StrokeOffset":1},{"HoleId":2,"SetId":60,"Strokes":4,"StrokeOffset":1},{"HoleId":2,"SetId":61,"Strokes":5,"StrokeOffset":2},{"HoleId":2,"SetId":62,"Strokes":4,"StrokeOffset":1},{"HoleId":3,"SetId":60,"Strokes":4,"StrokeOffset":1},{"HoleId":3,"SetId":61,"Strokes":6,"StrokeOffset":3},{"HoleId":3,"SetId":62,"Strokes":6,"StrokeOffset":3},{"HoleId":4,"SetId":60,"Strokes":4,"StrokeOffset":1},{"HoleId":4,"SetId":61,"Strokes":4,"StrokeOffset":1},{"HoleId":4,"SetId":62,"Strokes":6,"StrokeOffset":3},{"HoleId":5,"SetId":60,"Strokes":4,"StrokeOffset":1},{"HoleId":5,"SetId":61,"Strokes":4,"StrokeOffset":1},{"HoleId":5,"SetId":62,"Strokes":4,"StrokeOffset":1},{"HoleId":6,"SetId":60,"Strokes":3,"StrokeOffset":0},{"HoleId":6,"SetId":61,"Strokes":5,"StrokeOffset":2},{"HoleId":6,"SetId":62,"Strokes":5,"StrokeOffset":2},{"HoleId":7,"SetId":60,"Strokes":6,"StrokeOffset":2},{"HoleId":7,"SetId":61,"Strokes":5,"StrokeOffset":1},{"HoleId":7,"SetId":62,"Strokes":7,"StrokeOffset":3},{"HoleId":8,"SetId":60,"Strokes":7,"StrokeOffset":3},{"HoleId":8,"SetId":61,"Strokes":6,"StrokeOffset":2},{"HoleId":8,"SetId":62,"Strokes":8,"StrokeOffset":4},{"HoleId":9,"SetId":60,"Strokes":4,"StrokeOffset":1},{"HoleId":9,"SetId":61,"Strokes":5,"StrokeOffset":2},{"HoleId":9,"SetId":62,"Strokes":6,"StrokeOffset":3},{"HoleId":10,"SetId":60,"Strokes":6,"StrokeOffset":2},{"HoleId":10,"SetId":61,"Strokes":6,"StrokeOffset":2},{"HoleId":10,"SetId":62,"Strokes":7,"StrokeOffset":3},{"HoleId":11,"SetId":60,"Strokes":4,"StrokeOffset":1},{"HoleId":11,"SetId":61,"Strokes":6,"StrokeOffset":3},{"HoleId":11,"SetId":62,"Strokes":7,"StrokeOffset":4},{"HoleId":12,"SetId":60,"Strokes":3,"StrokeOffset":0},{"HoleId":12,"SetId":61,"Strokes":6,"StrokeOffset":3},{"HoleId":12,"SetId":62,"Strokes":5,"StrokeOffset":2},{"HoleId":13,"SetId":60,"Strokes":4,"StrokeOffset":1},{"HoleId":13,"SetId":61,"Strokes":4,"StrokeOffset":1},{"HoleId":13,"SetId":62,"Strokes":5,"StrokeOffset":2},{"HoleId":14,"SetId":60,"Strokes":7,"StrokeOffset":3},{"HoleId":14,"SetId":61,"Strokes":6,"StrokeOffset":2},{"HoleId":14,"SetId":62,"Strokes":5,"StrokeOffset":1},{"HoleId":15,"SetId":60,"Strokes":5,"StrokeOffset":2},{"HoleId":15,"SetId":61,"Strokes":4,"StrokeOffset":1},{"HoleId":15,"SetId":62,"Strokes":4,"StrokeOffset":1},{"HoleId":16,"SetId":60,"Strokes":6,"StrokeOffset":2},{"HoleId":16,"SetId":61,"Strokes":5,"StrokeOffset":1},{"HoleId":16,"SetId":62,"Strokes":5,"StrokeOffset":1},{"HoleId":17,"SetId":60,"Strokes":4,"StrokeOffset":1},{"HoleId":17,"SetId":61,"Strokes":4,"StrokeOffset":1},{"HoleId":17,"SetId":62,"Strokes":5,"StrokeOffset":2},{"HoleId":18,"SetId":60,"Strokes":3,"StrokeOffset":0},{"HoleId":18,"SetId":61,"Strokes":3,"StrokeOffset":0},{"HoleId":18,"SetId":62,"Strokes":3,"StrokeOffset":0}]