[{"Id":1,"CourseId":1,"Par":3,"Number":1},{"Id":2,"CourseId":1,"Par":3,"Number":2},{"Id":3,"CourseId":1,"Par":3,"Number":3},{"Id":4,"CourseId":1,"Par":3,"Number":4},{"Id":5,"CourseId":1,"Par":3,"Number":5},{"Id":6,"CourseId":1,"Par":3,"Number":6},{"Id":7,"CourseId":1,"Par":4,"Number":7},{"Id":8,"CourseId":1,"Par":4,"Number":8},{"Id":9,"CourseId":1,"Par":3,"Number":9},{"Id":10,"CourseId":1,"Par":4,"Number":10},{"Id":11,"CourseId":1,"Par":3,"Number":11},{"Id":12,"CourseId":1,"Par":3,"Number":12},{"Id":13,"CourseId":1,"Par":3,"Number":13},{"Id":14,"CourseId":1,"Par":4,"Number":14},{"Id":15,"CourseId":1,"Par":3,"Number":15},{"Id":16,"CourseId":1,"Par":4,"Number":16},{"Id":17,"CourseId":1,"Par":3,"Number":17},{"Id":18,"CourseId":1,"Par":3,"Number":18},{"Id":19,"CourseId":2,"Par":3,"Number":1},{"Id":20,"CourseId":2,"Par":3,"Number":2},{"Id":21,"CourseId":2,"Par":3,"Number":3},{"Id":22,"CourseId":2,"Par":3,"Number":4},{"Id":23,"CourseId":2,"Par":3,"Number":5},{"Id":24,"CourseId":2,"Par":3,"Number":6},{"Id":25,"CourseId":2,"Par":3,"Number":7},{"Id":26,"CourseId":2,"Par":4,"Number":8},{"Id":27,"CourseId":2,"Par":3,"Number":9},{"Id":28,"CourseId":3,"Par":3,"Number":1},{"Id":29,"CourseId":3,"Par":3,"Number":2},{"Id":30,"CourseId":3,"Par":3,"Number":3},{"Id":31,"CourseId":3,"Par":3,"Number":4},{"Id":32,"CourseId":3,"Par":4,"Number":5},{"Id":33,"CourseId":3,"Par":3,"Number":6},{"Id":34,"CourseId":3,"Par":3,"Number":7},{"Id":35,"CourseId":3,"Par":3,"Number":8},{"Id":36,"CourseId":3,"Par":3,"Number":9},{"Id":37,"CourseId":3,"Par":5,"Number":10},{"Id":38,"CourseId":3,"Par":3,"Number":11},{"Id":39,"CourseId":3,"Par":3,"Number":12},{"Id":40,"CourseId":3,"Par":3,"Number":13},{"Id":41,"CourseId":3,"Par":3,"Number":14},{"Id":42,"CourseId":3,"Par":3,"Number":15},{"Id":43,"CourseId":3,"Par":3,"Number":16},{"Id":44,"CourseId":3,"Par":3,"Number":17},{"Id":45,"CourseId":3,"Par":3,"Number":18},{"Id":46,"CourseId":4,"Par":3,"Number":1},{"Id":47,"CourseId":4,"Par":3,"Number":2},{"Id":48,"CourseId":4,"Par":3,"Number":3},{"Id":49,"CourseId":4,"Par":3,"Number":4},{"Id":50,"CourseId":4,"Par":3,"Number":5},{"Id":51,"CourseId":4,"Par":2,"Number":6},{"Id":52,"CourseId":4,"Par":3,"Number":7},{"Id":53,"CourseId":4,"Par":3,"Number":8},{"Id":54,"CourseId":4,"Par":3,"Number":9},{"Id":55,"CourseId":4,"Par":4,"Number":10},{"Id":56,"CourseId":4,"Par":3,"Number":11},{"Id":57,"CourseId":4,"Par":3,"Number":12},{"Id":58,"CourseId":4,"Par":2,"Number":13},{"Id":59,"CourseId":4,"Par":3,"Number":14},{"Id":60,"CourseId":4,"Par":3,"Number":15},{"Id":61,"CourseId":4,"Par":3,"Number":16},{"Id":62,"CourseId":4,"Par":3,"Number":17},{"Id":63,"CourseId":4,"Par":3,"Number":18}]