[{"Id":1,"Name":"Oscar","Alias":"Osc","Created":"2018-04-16T15:15:18.517","PhotoFilePath":null,"IsMain":false},{"Id":2,"Name":"Sofie","Alias":"Sof","Created":"2018-05-05T11:11:06.993","PhotoFilePath":null,"IsMain":false},{"Id":3,"Name":"Jonas","Alias":"Jon","Created":"2018-05-20T09:03:34.918","PhotoFilePath":null,"IsMain":false},{"Id":4,"Name":"Stina","Alias":"Sti","Created":"2018-05-20T09:03:41.681","PhotoFilePath":null,"IsMain":false},{"Id":5,"Name":"Marc","Alias":"Mar","Created":"2018-05-27T10:12:11.337","PhotoFilePath":null,"IsMain":false},{"Id":6,"Name":"Taz","Alias":"Taz","Created":"2018-11-17T13:27:14.711","PhotoFilePath":null,"IsMain":false},{"Id":7,"Name":"Björn","Alias":"Bjö","Created":"2019-08-08T08:20:02.242","PhotoFilePath":null,"IsMain":false},{"Id":8,"Name":"Anna","Alias":"Ann","Created":"2019-08-08T08:20:21.734","PhotoFilePath":null,"IsMain":false},{"Id":9,"Name":"Robz","Alias":"Rob","Created":"2019-12-25T09:38:53.894","PhotoFilePath":null,"IsMain":false}]