[{"Id":1,"CourseId":1,"Start":"2018-04-16T15:16:09.631","End":"2018-04-22T12:11:56.38","Wind":0.0,"Degrees":0.0,"RainFall":null},{"Id":2,"CourseId":2,"Start":"2018-05-05T11:10:41.27","End":"2018-05-10T11:42:09.535","Wind":0.0,"Degrees":0.0,"RainFall":null},{"Id":3,"CourseId":1,"Start":"2018-05-10T11:42:14.182","End":"2018-05-10T13:14:53.096","Wind":0.0,"Degrees":0.0,"RainFall":null},{"Id":4,"CourseId":2,"Start":"2018-05-15T16:09:32.737","End":"2018-05-15T16:50:26.717","Wind":0.0,"Degrees":0.0,"RainFall":null},{"Id":5,"CourseId":2,"Start":"2018-05-18T14:34:03.711","End":"2018-05-18T15:07:53.584","Wind":0.0,"Degrees":0.0,"RainFall":null},{"Id":6,"CourseId":3,"Start":"2018-05-20T09:04:10.088","End":"2018-05-20T12:16:26.616","Wind":0.0,"Degrees":0.0,"RainFall":null},{"Id":7,"CourseId":2,"Start":"2018-05-27T10:12:00.534","End":"2018-05-27T11:16:22.475","Wind":0.0,"Degrees":0.0,"RainFall":null},{"Id":8,"CourseId":2,"Start":"2018-05-27T11:17:35.092","End":"2018-06-19T15:42:52.922","Wind":0.0,"Degrees":0.0,"RainFall":null},{"Id":9,"CourseId":1,"Start":"2018-06-19T15:43:00.527","End":"2018-06-19T17:21:01.569","Wind":0.0,"Degrees":0.0,"RainFall":null},{"Id":10,"CourseId":1,"Start":"2018-06-21T15:05:37.093","End":"2018-06-21T16:13:33.144","Wind":0.0,"Degrees":0.0,"RainFall":null},{"Id":11,"CourseId":1,"Start":"2018-06-29T15:03:45.786","End":"2018-06-29T16:37:07.954","Wind":0.0,"Degrees":0.0,"RainFall":null},{"Id":12,"CourseId":4,"Start":"2018-07-07T09:45:19.513","End":"2018-07-07T12:23:03.781","Wind":0.0,"Degrees":0.0,"RainFall":null},{"Id":13,"CourseId":1,"Start":"2018-07-18T15:39:06.08","End":"2018-07-18T17:34:38.361","Wind":0.0,"Degrees":0.0,"RainFall":null},{"Id":14,"CourseId":4,"Start":"2018-08-10T09:14:02.582","End":"2018-08-10T09:14:15.237","Wind":0.0,"Degrees":0.0,"RainFall":null},{"Id":15,"CourseId":3,"Start":"2018-08-10T09:14:18.306","End":"2018-08-10T11:16:43.679","Wind":0.0,"Degrees":0.0,"RainFall":null},{"Id":16,"CourseId":1,"Start":"2018-09-01T10:29:40.913","End":"2018-09-01T12:08:43.811","Wind":0.0,"Degrees":0.0,"RainFall":null},{"Id":17,"CourseId":2,"Start":"2018-11-17T13:26:43.972","End":"2018-11-17T14:26:26.559","Wind":0.0,"Degrees":0.0,"RainFall":null},{"Id":18,"CourseId":2,"Start":"2019-02-24T13:43:47.266","End":"2019-02-24T14:18:38.434","Wind":0.0,"Degrees":0.0,"RainFall":null},{"Id":19,"CourseId":2,"Start":"2019-03-24T12:14:39.124","End":"2019-03-24T13:06:10.944","Wind":0.0,"Degrees":0.0,"RainFall":null},{"Id":20,"CourseId":2,"Start":"2019-03-24T13:13:58.743","End":"2019-03-24T13:54:36.332","Wind":0.0,"Degrees":0.0,"RainFall":null},{"Id":21,"CourseId":1,"Start":"2019-05-30T10:39:44.025","End":"2019-06-15T08:27:16.656","Wind":0.0,"Degrees":0.0,"RainFall":null},{"Id":22,"CourseId":2,"Start":"2019-06-15T08:27:20.39","End":"2019-06-15T08:27:26.107","Wind":0.0,"Degrees":0.0,"RainFall":null},{"Id":23,"CourseId":1,"Start":"2019-06-15T08:27:31.095","End":"2019-06-15T10:58:25.139","Wind":0.0,"Degrees":0.0,"RainFall":null},{"Id":24,"CourseId":1,"Start":"2019-07-23T16:18:23.91","End":"2019-07-23T19:13:42.946","Wind":0.0,"Degrees":0.0,"RainFall":null},{"Id":25,"CourseId":3,"Start":"2019-08-02T15:19:44.45","End":"2019-08-02T18:52:42.14","Wind":0.0,"Degrees":0.0,"RainFall":null},{"Id":26,"CourseId":1,"Start":"2019-08-08T08:19:29.889","End":"2019-08-08T11:24:34.111","Wind":0.0,"Degrees":0.0,"RainFall":null},{"Id":27,"CourseId":2,"Start":"2019-08-12T07:08:18.757","End":"2019-08-12T07:30:37.813","Wind":0.0,"Degrees":0.0,"RainFall":null},{"Id":28,"CourseId":2,"Start":"2019-08-12T07:31:04.067","End":"2019-08-12T08:06:00.076","Wind":0.0,"Degrees":0.0,"RainFall":null},{"Id":29,"CourseId":1,"Start":"2019-12-25T09:38:16.623","End":"2019-12-25T11:40:37.504","Wind":0.0,"Degrees":0.0,"RainFall":null}]