[{"Id":1,"RoundId":1,"PlayerId":1,"Score":92,"ScoreOffset":33},{"Id":2,"RoundId":2,"PlayerId":1,"Score":44,"ScoreOffset":16},{"Id":3,"RoundId":2,"PlayerId":2,"Score":56,"ScoreOffset":28},{"Id":4,"RoundId":3,"PlayerId":1,"Score":89,"ScoreOffset":30},{"Id":5,"RoundId":3,"PlayerId":2,"Score":107,"ScoreOffset":48},{"Id":6,"RoundId":4,"PlayerId":1,"Score":40,"ScoreOffset":12},{"Id":7,"RoundId":4,"PlayerId":2,"Score":40,"ScoreOffset":12},{"Id":8,"RoundId":5,"PlayerId":1,"Score":37,"ScoreOffset":9},{"Id":9,"RoundId":6,"PlayerId":1,"Score":86,"ScoreOffset":29},{"Id":10,"RoundId":6,"PlayerId":3,"Score":80,"ScoreOffset":23},{"Id":11,"RoundId":6,"PlayerId":4,"Score":97,"ScoreOffset":40},{"Id":12,"RoundId":7,"PlayerId":1,"Score":41,"ScoreOffset":13},{"Id":13,"RoundId":7,"PlayerId":2,"Score":47,"ScoreOffset":19},{"Id":14,"RoundId":7,"PlayerId":5,"Score":36,"ScoreOffset":8},{"Id":15,"RoundId":8,"PlayerId":1,"Score":21,"ScoreOffset":-7},{"Id":16,"RoundId":8,"PlayerId":2,"Score":22,"ScoreOffset":-6},{"Id":17,"RoundId":8,"PlayerId":5,"Score":20,"ScoreOffset":-8},{"Id":18,"RoundId":9,"PlayerId":1,"Score":83,"ScoreOffset":24},{"Id":19,"RoundId":9,"PlayerId":2,"Score":101,"ScoreOffset":42},{"Id":20,"RoundId":10,"PlayerId":1,"Score":83,"ScoreOffset":24},{"Id":21,"RoundId":11,"PlayerId":1,"Score":78,"ScoreOffset":19},{"Id":22,"RoundId":11,"PlayerId":5,"Score":83,"ScoreOffset":24},{"Id":23,"RoundId":12,"PlayerId":1,"Score":70,"ScoreOffset":17},{"Id":24,"RoundId":12,"PlayerId":3,"Score":69,"ScoreOffset":16},{"Id":25,"RoundId":13,"PlayerId":1,"Score":84,"ScoreOffset":25},{"Id":26,"RoundId":13,"PlayerId":2,"Score":105,"ScoreOffset":46},{"Id":27,"RoundId":14,"PlayerId":1,"Score":0,"ScoreOffset":-53},{"Id":28,"RoundId":15,"PlayerId":1,"Score":87,"ScoreOffset":30},{"Id":29,"RoundId":15,"PlayerId":2,"Score":108,"ScoreOffset":51},{"Id":30,"RoundId":16,"PlayerId":1,"Score":65,"ScoreOffset":6},{"Id":31,"RoundId":16,"PlayerId":2,"Score":85,"ScoreOffset":26},{"Id":32,"RoundId":16,"PlayerId":5,"Score":66,"ScoreOffset":7},{"Id":33,"RoundId":16,"PlayerId":4,"Score":79,"ScoreOffset":20},{"Id":34,"RoundId":17,"PlayerId":1,"Score":34,"ScoreOffset":6},{"Id":35,"RoundId":17,"PlayerId":3,"Score":34,"ScoreOffset":6},{"Id":36,"RoundId":17,"PlayerId":5,"Score":38,"ScoreOffset":10},{"Id":37,"RoundId":17,"PlayerId":4,"Score":41,"ScoreOffset":13},{"Id":38,"RoundId":17,"PlayerId":6,"Score":40,"ScoreOffset":12},{"Id":39,"RoundId":18,"PlayerId":1,"Score":39,"ScoreOffset":11},{"Id":40,"RoundId":19,"PlayerId":1,"Score":39,"ScoreOffset":11},{"Id":41,"RoundId":19,"PlayerId":5,"Score":35,"ScoreOffset":7},{"Id":42,"RoundId":19,"PlayerId":6,"Score":39,"ScoreOffset":11},{"Id":43,"RoundId":20,"PlayerId":1,"Score":41,"ScoreOffset":13},{"Id":44,"RoundId":20,"PlayerId":5,"Score":38,"ScoreOffset":10},{"Id":45,"RoundId":21,"PlayerId":1,"Score":75,"ScoreOffset":16},{"Id":46,"RoundId":22,"PlayerId":1,"Score":0,"ScoreOffset":-28},{"Id":47,"RoundId":23,"PlayerId":1,"Score":81,"ScoreOffset":22},{"Id":48,"RoundId":23,"PlayerId":3,"Score":82,"ScoreOffset":23},{"Id":49,"RoundId":23,"PlayerId":5,"Score":80,"ScoreOffset":21},{"Id":50,"RoundId":23,"PlayerId":6,"Score":85,"ScoreOffset":26},{"Id":51,"RoundId":24,"PlayerId":1,"Score":81,"ScoreOffset":22},{"Id":52,"RoundId":25,"PlayerId":1,"Score":85,"ScoreOffset":28},{"Id":53,"RoundId":26,"PlayerId":1,"Score":78,"ScoreOffset":19},{"Id":54,"RoundId":26,"PlayerId":5,"Score":74,"ScoreOffset":15},{"Id":55,"RoundId":26,"PlayerId":6,"Score":83,"ScoreOffset":24},{"Id":56,"RoundId":26,"PlayerId":7,"Score":91,"ScoreOffset":32},{"Id":57,"RoundId":26,"PlayerId":8,"Score":110,"ScoreOffset":51},{"Id":58,"RoundId":27,"PlayerId":1,"Score":31,"ScoreOffset":3},{"Id":59,"RoundId":28,"PlayerId":1,"Score":39,"ScoreOffset":11},{"Id":60,"RoundId":29,"PlayerId":1,"Score":82,"ScoreOffset":23},{"Id":61,"RoundId":29,"PlayerId":5,"Score":87,"ScoreOffset":28},{"Id":62,"RoundId":29,"PlayerId":9,"Score":96,"ScoreOffset":37}]